{
  "project_info": {
    "project_number": "594914547561",
    "project_id": "app-firebase-e4e27",
    "storage_bucket": "app-firebase-e4e27.firebasestorage.app"
  },
  "client": [
    {
      "client_info": {
        "mobilesdk_app_id": "1:594914547561:android:280ab84988968e2bbdcff8",
        "android_client_info": {
          "package_name": "com.labWeek11"
        }
      },
      "oauth_client": [],
      "api_key": [
        {
          "current_key": "AIzaSyAfW9AfUvu6I118am8BPX4tLmbRggmf0IU"
        }
      ],
      "services": {
        "appinvite_service": {
          "other_platform_oauth_client": []
        }
      }
    }
  ],
  "configuration_version": "1"
}